country,code,iso_numeric,year,index
Argentina,ARG,032,1990,0.617
Argentina,ARG,032,1991,0.63
Argentina,ARG,032,1992,0.631
Argentina,ARG,032,1993,0.63
Argentina,ARG,032,1994,0.633
Argentina,ARG,032,1995,0.641
Argentina,ARG,032,1996,0.634
Argentina,ARG,032,1997,0.634
Argentina,ARG,032,1998,0.634
Argentina,ARG,032,1999,0.64
Argentina,ARG,032,2000,0.67
Argentina,ARG,032,2001,0.674
Argentina,ARG,032,2002,0.661
Argentina,ARG,032,2003,0.638
Argentina,ARG,032,2004,0.632
Argentina,ARG,032,2005,0.625
Argentina,ARG,032,2006,0.614
Argentina,ARG,032,2007,0.61
Argentina,ARG,032,2008,0.59
Argentina,ARG,032,2009,0.583
Argentina,ARG,032,2010,0.578
Argentina,ARG,032,2011,0.573
Argentina,ARG,032,2012,0.582
Argentina,ARG,032,2013,0.588
Argentina,ARG,032,2014,0.595
Argentina,ARG,032,2015,0.59
Argentina,ARG,032,2016,0.612
Argentina,ARG,032,2017,0.609
Argentina,ARG,032,2018,0.63
Argentina,ARG,032,2019,0.618
Argentina,ARG,032,2020,0.634
Argentina,ARG,032,2021,0.639
Argentina,ARG,032,2022,0.654
Argentina,ARG,032,2023,0.695
Argentina,ARG,032,2024,0.558
Argentina,ARG,032,2025,0.524
Botswana,BWA,072,1990,0.577
Botswana,BWA,072,1991,0.577
Botswana,BWA,072,1992,0.577
Botswana,BWA,072,1993,0.577
Botswana,BWA,072,1994,0.58
Botswana,BWA,072,1995,0.587
Botswana,BWA,072,1996,0.587
Botswana,BWA,072,1997,0.601
Botswana,BWA,072,1998,0.604
Botswana,BWA,072,1999,0.607
Botswana,BWA,072,2000,0.607
Botswana,BWA,072,2001,0.607
Botswana,BWA,072,2002,0.607
Botswana,BWA,072,2003,0.607
Botswana,BWA,072,2004,0.615
Botswana,BWA,072,2005,0.619
Botswana,BWA,072,2006,0.623
Botswana,BWA,072,2007,0.623
Botswana,BWA,072,2008,0.617
Botswana,BWA,072,2009,0.614
Botswana,BWA,072,2010,0.622
Botswana,BWA,072,2011,0.624
Botswana,BWA,072,2012,0.617
Botswana,BWA,072,2013,0.609
Botswana,BWA,072,2014,0.61
Botswana,BWA,072,2015,0.587
Botswana,BWA,072,2016,0.582
Botswana,BWA,072,2017,0.568
Botswana,BWA,072,2018,0.573
Botswana,BWA,072,2019,0.56
Botswana,BWA,072,2020,0.484
Botswana,BWA,072,2021,0.477
Botswana,BWA,072,2022,0.459
Botswana,BWA,072,2023,0.444
Botswana,BWA,072,2024,0.47
Botswana,BWA,072,2025,0.52
Brazil,BRA,076,1990,0.678
Brazil,BRA,076,1991,0.692
Brazil,BRA,076,1992,0.699
Brazil,BRA,076,1993,0.704
Brazil,BRA,076,1994,0.707
Brazil,BRA,076,1995,0.712
Brazil,BRA,076,1996,0.711
Brazil,BRA,076,1997,0.711
Brazil,BRA,076,1998,0.711
Brazil,BRA,076,1999,0.713
Brazil,BRA,076,2000,0.717
Brazil,BRA,076,2001,0.717
Brazil,BRA,076,2002,0.721
Brazil,BRA,076,2003,0.722
Brazil,BRA,076,2004,0.722
Brazil,BRA,076,2005,0.772
Brazil,BRA,076,2006,0.77
Brazil,BRA,076,2007,0.769
Brazil,BRA,076,2008,0.769
Brazil,BRA,076,2009,0.769
Brazil,BRA,076,2010,0.776
Brazil,BRA,076,2011,0.781
Brazil,BRA,076,2012,0.777
Brazil,BRA,076,2013,0.781
Brazil,BRA,076,2014,0.783
Brazil,BRA,076,2015,0.769
Brazil,BRA,076,2016,0.653
Brazil,BRA,076,2017,0.641
Brazil,BRA,076,2018,0.608
Brazil,BRA,076,2019,0.528
Brazil,BRA,076,2020,0.534
Brazil,BRA,076,2021,0.531
Brazil,BRA,076,2022,0.54
Brazil,BRA,076,2023,0.695
Brazil,BRA,076,2024,0.712
Brazil,BRA,076,2025,0.704
China,CHN,156,1990,0.065
China,CHN,156,1991,0.065
China,CHN,156,1992,0.065
China,CHN,156,1993,0.067
China,CHN,156,1994,0.067
China,CHN,156,1995,0.069
China,CHN,156,1996,0.068
China,CHN,156,1997,0.068
China,CHN,156,1998,0.069
China,CHN,156,1999,0.07
China,CHN,156,2000,0.07
China,CHN,156,2001,0.071
China,CHN,156,2002,0.073
China,CHN,156,2003,0.074
China,CHN,156,2004,0.073
China,CHN,156,2005,0.057
China,CHN,156,2006,0.057
China,CHN,156,2007,0.057
China,CHN,156,2008,0.057
China,CHN,156,2009,0.057
China,CHN,156,2010,0.057
China,CHN,156,2011,0.056
China,CHN,156,2012,0.056
China,CHN,156,2013,0.053
China,CHN,156,2014,0.052
China,CHN,156,2015,0.052
China,CHN,156,2016,0.052
China,CHN,156,2017,0.052
China,CHN,156,2018,0.048
China,CHN,156,2019,0.047
China,CHN,156,2020,0.042
China,CHN,156,2021,0.044
China,CHN,156,2022,0.042
China,CHN,156,2023,0.037
China,CHN,156,2024,0.037
China,CHN,156,2025,0.039
Germany,DEU,276,1991,0.853
Germany,DEU,276,1992,0.853
Germany,DEU,276,1993,0.853
Germany,DEU,276,1994,0.853
Germany,DEU,276,1995,0.853
Germany,DEU,276,1996,0.854
Germany,DEU,276,1997,0.854
Germany,DEU,276,1998,0.856
Germany,DEU,276,1999,0.86
Germany,DEU,276,2000,0.86
Germany,DEU,276,2001,0.86
Germany,DEU,276,2002,0.859
Germany,DEU,276,2003,0.857
Germany,DEU,276,2004,0.857
Germany,DEU,276,2005,0.859
Germany,DEU,276,2006,0.864
Germany,DEU,276,2007,0.864
Germany,DEU,276,2008,0.864
Germany,DEU,276,2009,0.862
Germany,DEU,276,2010,0.862
Germany,DEU,276,2011,0.864
Germany,DEU,276,2012,0.863
Germany,DEU,276,2013,0.853
Germany,DEU,276,2014,0.845
Germany,DEU,276,2015,0.845
Germany,DEU,276,2016,0.848
Germany,DEU,276,2017,0.842
Germany,DEU,276,2018,0.834
Germany,DEU,276,2019,0.831
Germany,DEU,276,2020,0.821
Germany,DEU,276,2021,0.814
Germany,DEU,276,2022,0.806
Germany,DEU,276,2023,0.812
Germany,DEU,276,2024,0.778
Germany,DEU,276,2025,0.782
India,IND,356,1990,0.54
India,IND,356,1991,0.561
India,IND,356,1992,0.572
India,IND,356,1993,0.576
India,IND,356,1994,0.582
India,IND,356,1995,0.582
India,IND,356,1996,0.588
India,IND,356,1997,0.591
India,IND,356,1998,0.593
India,IND,356,1999,0.586
India,IND,356,2000,0.584
India,IND,356,2001,0.584
India,IND,356,2002,0.587
India,IND,356,2003,0.583
India,IND,356,2004,0.578
India,IND,356,2005,0.573
India,IND,356,2006,0.569
India,IND,356,2007,0.569
India,IND,356,2008,0.569
India,IND,356,2009,0.539
India,IND,356,2010,0.532
India,IND,356,2011,0.532
India,IND,356,2012,0.525
India,IND,356,2013,0.522
India,IND,356,2014,0.488
India,IND,356,2015,0.417
India,IND,356,2016,0.406
India,IND,356,2017,0.371
India,IND,356,2018,0.363
India,IND,356,2019,0.324
India,IND,356,2020,0.292
India,IND,356,2021,0.307
India,IND,356,2022,0.291
India,IND,356,2023,0.273
India,IND,356,2024,0.281
India,IND,356,2025,0.26
Mexico,MEX,484,1990,0.186
Mexico,MEX,484,1991,0.196
Mexico,MEX,484,1992,0.208
Mexico,MEX,484,1993,0.215
Mexico,MEX,484,1994,0.26
Mexico,MEX,484,1995,0.281
Mexico,MEX,484,1996,0.293
Mexico,MEX,484,1997,0.346
Mexico,MEX,484,1998,0.378
Mexico,MEX,484,1999,0.381
Mexico,MEX,484,2000,0.481
Mexico,MEX,484,2001,0.484
Mexico,MEX,484,2002,0.494
Mexico,MEX,484,2003,0.499
Mexico,MEX,484,2004,0.505
Mexico,MEX,484,2005,0.505
Mexico,MEX,484,2006,0.478
Mexico,MEX,484,2007,0.454
Mexico,MEX,484,2008,0.456
Mexico,MEX,484,2009,0.459
Mexico,MEX,484,2010,0.465
Mexico,MEX,484,2011,0.468
Mexico,MEX,484,2012,0.457
Mexico,MEX,484,2013,0.42
Mexico,MEX,484,2014,0.421
Mexico,MEX,484,2015,0.433
Mexico,MEX,484,2016,0.434
Mexico,MEX,484,2017,0.44
Mexico,MEX,484,2018,0.452
Mexico,MEX,484,2019,0.428
Mexico,MEX,484,2020,0.406
Mexico,MEX,484,2021,0.371
Mexico,MEX,484,2022,0.33
Mexico,MEX,484,2023,0.302
Mexico,MEX,484,2024,0.246
Mexico,MEX,484,2025,0.221
Nigeria,NGA,566,1990,0.1
Nigeria,NGA,566,1991,0.1
Nigeria,NGA,566,1992,0.108
Nigeria,NGA,566,1993,0.148
Nigeria,NGA,566,1994,0.098
Nigeria,NGA,566,1995,0.095
Nigeria,NGA,566,1996,0.094
Nigeria,NGA,566,1997,0.097
Nigeria,NGA,566,1998,0.107
Nigeria,NGA,566,1999,0.243
Nigeria,NGA,566,2000,0.327
Nigeria,NGA,566,2001,0.327
Nigeria,NGA,566,2002,0.327
Nigeria,NGA,566,2003,0.304
Nigeria,NGA,566,2004,0.296
Nigeria,NGA,566,2005,0.296
Nigeria,NGA,566,2006,0.294
Nigeria,NGA,566,2007,0.297
Nigeria,NGA,566,2008,0.303
Nigeria,NGA,566,2009,0.304
Nigeria,NGA,566,2010,0.319
Nigeria,NGA,566,2011,0.348
Nigeria,NGA,566,2012,0.36
Nigeria,NGA,566,2013,0.381
Nigeria,NGA,566,2014,0.389
Nigeria,NGA,566,2015,0.401
Nigeria,NGA,566,2016,0.395
Nigeria,NGA,566,2017,0.393
Nigeria,NGA,566,2018,0.391
Nigeria,NGA,566,2019,0.36
Nigeria,NGA,566,2020,0.349
Nigeria,NGA,566,2021,0.331
Nigeria,NGA,566,2022,0.321
Nigeria,NGA,566,2023,0.316
Nigeria,NGA,566,2024,0.314
Nigeria,NGA,566,2025,0.311
Poland,POL,616,1990,0.66
Poland,POL,616,1991,0.783
Poland,POL,616,1992,0.804
Poland,POL,616,1993,0.808
Poland,POL,616,1994,0.811
Poland,POL,616,1995,0.81
Poland,POL,616,1996,0.802
Poland,POL,616,1997,0.792
Poland,POL,616,1998,0.796
Poland,POL,616,1999,0.798
Poland,POL,616,2000,0.8
Poland,POL,616,2001,0.806
Poland,POL,616,2002,0.813
Poland,POL,616,2003,0.813
Poland,POL,616,2004,0.813
Poland,POL,616,2005,0.815
Poland,POL,616,2006,0.807
Poland,POL,616,2007,0.803
Poland,POL,616,2008,0.825
Poland,POL,616,2009,0.825
Poland,POL,616,2010,0.827
Poland,POL,616,2011,0.827
Poland,POL,616,2012,0.825
Poland,POL,616,2013,0.821
Poland,POL,616,2014,0.812
Poland,POL,616,2015,0.775
Poland,POL,616,2016,0.598
Poland,POL,616,2017,0.542
Poland,POL,616,2018,0.524
Poland,POL,616,2019,0.505
Poland,POL,616,2020,0.45
Poland,POL,616,2021,0.424
Poland,POL,616,2022,0.417
Poland,POL,616,2023,0.457
Poland,POL,616,2024,0.613
Poland,POL,616,2025,0.645
South Africa,ZAF,710,1990,0.139
South Africa,ZAF,710,1991,0.148
South Africa,ZAF,710,1992,0.149
South Africa,ZAF,710,1993,0.159
South Africa,ZAF,710,1994,0.293
South Africa,ZAF,710,1995,0.528
South Africa,ZAF,710,1996,0.56
South Africa,ZAF,710,1997,0.56
South Africa,ZAF,710,1998,0.564
South Africa,ZAF,710,1999,0.598
South Africa,ZAF,710,2000,0.629
South Africa,ZAF,710,2001,0.629
South Africa,ZAF,710,2002,0.629
South Africa,ZAF,710,2003,0.629
South Africa,ZAF,710,2004,0.649
South Africa,ZAF,710,2005,0.658
South Africa,ZAF,710,2006,0.661
South Africa,ZAF,710,2007,0.662
South Africa,ZAF,710,2008,0.657
South Africa,ZAF,710,2009,0.656
South Africa,ZAF,710,2010,0.666
South Africa,ZAF,710,2011,0.666
South Africa,ZAF,710,2012,0.668
South Africa,ZAF,710,2013,0.65
South Africa,ZAF,710,2014,0.641
South Africa,ZAF,710,2015,0.649
South Africa,ZAF,710,2016,0.645
South Africa,ZAF,710,2017,0.626
South Africa,ZAF,710,2018,0.64
South Africa,ZAF,710,2019,0.623
South Africa,ZAF,710,2020,0.604
South Africa,ZAF,710,2021,0.609
South Africa,ZAF,710,2022,0.61
South Africa,ZAF,710,2023,0.602
South Africa,ZAF,710,2024,0.648
South Africa,ZAF,710,2025,0.633
Sweden,SWE,752,1990,0.878
Sweden,SWE,752,1991,0.878
Sweden,SWE,752,1992,0.877
Sweden,SWE,752,1993,0.877
Sweden,SWE,752,1994,0.877
Sweden,SWE,752,1995,0.879
Sweden,SWE,752,1996,0.879
Sweden,SWE,752,1997,0.879
Sweden,SWE,752,1998,0.879
Sweden,SWE,752,1999,0.876
Sweden,SWE,752,2000,0.876
Sweden,SWE,752,2001,0.876
Sweden,SWE,752,2002,0.876
Sweden,SWE,752,2003,0.877
Sweden,SWE,752,2004,0.877
Sweden,SWE,752,2005,0.877
Sweden,SWE,752,2006,0.879
Sweden,SWE,752,2007,0.881
Sweden,SWE,752,2008,0.881
Sweden,SWE,752,2009,0.881
Sweden,SWE,752,2010,0.881
Sweden,SWE,752,2011,0.881
Sweden,SWE,752,2012,0.886
Sweden,SWE,752,2013,0.885
Sweden,SWE,752,2014,0.885
Sweden,SWE,752,2015,0.881
Sweden,SWE,752,2016,0.88
Sweden,SWE,752,2017,0.88
Sweden,SWE,752,2018,0.875
Sweden,SWE,752,2019,0.866
Sweden,SWE,752,2020,0.868
Sweden,SWE,752,2021,0.866
Sweden,SWE,752,2022,0.861
Sweden,SWE,752,2023,0.849
Sweden,SWE,752,2024,0.846
Sweden,SWE,752,2025,0.853
Turkey,TUR,792,1990,0.348
Turkey,TUR,792,1991,0.361
Turkey,TUR,792,1992,0.369
Turkey,TUR,792,1993,0.368
Turkey,TUR,792,1994,0.371
Turkey,TUR,792,1995,0.373
Turkey,TUR,792,1996,0.382
Turkey,TUR,792,1997,0.391
Turkey,TUR,792,1998,0.389
Turkey,TUR,792,1999,0.413
Turkey,TUR,792,2000,0.425
Turkey,TUR,792,2001,0.431
Turkey,TUR,792,2002,0.487
Turkey,TUR,792,2003,0.498
Turkey,TUR,792,2004,0.502
Turkey,TUR,792,2005,0.484
Turkey,TUR,792,2006,0.483
Turkey,TUR,792,2007,0.461
Turkey,TUR,792,2008,0.411
Turkey,TUR,792,2009,0.403
Turkey,TUR,792,2010,0.36
Turkey,TUR,792,2011,0.354
Turkey,TUR,792,2012,0.346
Turkey,TUR,792,2013,0.289
Turkey,TUR,792,2014,0.252
Turkey,TUR,792,2015,0.23
Turkey,TUR,792,2016,0.143
Turkey,TUR,792,2017,0.101
Turkey,TUR,792,2018,0.104
Turkey,TUR,792,2019,0.107
Turkey,TUR,792,2020,0.115
Turkey,TUR,792,2021,0.113
Turkey,TUR,792,2022,0.11
Turkey,TUR,792,2023,0.108
Turkey,TUR,792,2024,0.109
Turkey,TUR,792,2025,0.11
United States,USA,840,1990,0.8
United States,USA,840,1991,0.805
United States,USA,840,1992,0.809
United States,USA,840,1993,0.805
United States,USA,840,1994,0.806
United States,USA,840,1995,0.808
United States,USA,840,1996,0.808
United States,USA,840,1997,0.811
United States,USA,840,1998,0.81
United States,USA,840,1999,0.808
United States,USA,840,2000,0.808
United States,USA,840,2001,0.769
United States,USA,840,2002,0.769
United States,USA,840,2003,0.798
United States,USA,840,2004,0.799
United States,USA,840,2005,0.794
United States,USA,840,2006,0.801
United States,USA,840,2007,0.84
United States,USA,840,2008,0.845
United States,USA,840,2009,0.848
United States,USA,840,2010,0.848
United States,USA,840,2011,0.845
United States,USA,840,2012,0.842
United States,USA,840,2013,0.852
United States,USA,840,2014,0.848
United States,USA,840,2015,0.848
United States,USA,840,2016,0.83
United States,USA,840,2017,0.749
United States,USA,840,2018,0.739
United States,USA,840,2019,0.74
United States,USA,840,2020,0.734
United States,USA,840,2021,0.756
United States,USA,840,2022,0.769
United States,USA,840,2023,0.789
United States,USA,840,2024,0.751
United States,USA,840,2025,0.571
